wavelength_nm, transmission
1.540000000000000000e+03,2.780455275510128419e-03
1.540100100100100008e+03,2.781851322662159693e-03
1.540200200200200243e+03,2.783336075908283101e-03
1.540300300300300250e+03,2.784909688963721486e-03
1.540400400400400486e+03,2.786572326867097806e-03
1.540500500500500493e+03,2.788324166019518456e-03
1.540600600600600501e+03,2.790165394226783429e-03
1.540700700700700736e+03,2.792096210744696855e-03
1.540800800800800744e+03,2.794116826327432395e-03
1.540900900900900979e+03,2.796227463279149939e-03
1.541001001001000986e+03,2.798428355508655440e-03
1.541101101101100994e+03,2.800719748587336775e-03
1.541201201201201229e+03,2.803101899810248564e-03
1.541301301301301237e+03,2.805575078260455230e-03
1.541401401401401472e+03,2.808139564876679147e-03
1.541501501501501480e+03,2.810795652524148910e-03
1.541601601601601715e+03,2.813543646068891475e-03
1.541701701701701722e+03,2.816383862455293808e-03
1.541801801801801730e+03,2.819316630787082386e-03
1.541901901901901965e+03,2.822342292411785577e-03
1.542002002002001973e+03,2.825461201008565293e-03
1.542102102102102208e+03,2.828673722679675949e-03
1.542202202202202216e+03,2.831980236045373352e-03
1.542302302302302223e+03,2.835381132342452200e-03
1.542402402402402458e+03,2.838876815526478106e-03
1.542502502502502466e+03,2.842467702377584476e-03
1.542602602602602701e+03,2.846154222610158217e-03
1.542702702702702709e+03,2.849936818986147091e-03
1.542802802802802717e+03,2.853815947432318794e-03
1.542902902902902952e+03,2.857792077161408831e-03
1.543003003003002959e+03,2.861865690797130764e-03
1.543103103103103194e+03,2.866037284503292117e-03
1.543203203203203202e+03,2.870307368116920520e-03
1.543303303303303210e+03,2.874676465285498986e-03
1.543403403403403445e+03,2.879145113608528456e-03
1.543503503503503453e+03,2.883713864783147424e-03
1.543603603603603688e+03,2.888383284754282663e-03
1.543703703703703695e+03,2.893153953869039615e-03
1.543803803803803703e+03,2.898026467035693700e-03
1.543903903903903938e+03,2.903001433887203182e-03
1.544004004004003946e+03,2.908079478949273516e-03
1.544104104104104181e+03,2.913261241813275889e-03
1.544204204204204188e+03,2.918547377313850371e-03
1.544304304304304196e+03,2.923938555711414877e-03
1.544404404404404431e+03,2.929435462879780277e-03
1.544504504504504439e+03,2.935038800498576770e-03
1.544604604604604674e+03,2.940749286251116007e-03
1.544704704704704682e+03,2.946567654027317743e-03
1.544804804804804917e+03,2.952494654132102603e-03
1.544904904904904924e+03,2.958531053499195446e-03
1.545005005005004932e+03,2.964677635910610825e-03
1.545105105105105167e+03,2.970935202221653120e-03
1.545205205205205175e+03,2.977304570591824719e-03
1.545305305305305410e+03,2.983786576721680819e-03
1.545405405405405418e+03,2.990382074095607016e-03
1.545505505505505425e+03,2.997091934230912587e-03
1.545605605605605660e+03,3.003917046933101114e-03
1.545705705705705668e+03,3.010858320557534013e-03
1.545805805805805903e+03,3.017916682277804828e-03
1.545905905905905911e+03,3.025093078360679890e-03
1.546006006006005919e+03,3.032388474447988286e-03
1.546106106106106154e+03,3.039803855845411677e-03
1.546206206206206161e+03,3.047340227818437237e-03
1.546306306306306396e+03,3.054998615895684021e-03
1.546406406406406404e+03,3.062780066179642251e-03
1.546506506506506412e+03,3.070685645665108265e-03
1.546606606606606647e+03,3.078716442565340283e-03
1.546706706706706655e+03,3.086873566646215587e-03
1.546806806806806890e+03,3.095158149568627646e-03
1.546906906906906897e+03,3.103571345239197320e-03
1.547007007007006905e+03,3.112114330169501140e-03
1.547107107107107140e+03,3.120788303844196972e-03
1.547207207207207148e+03,3.129594489097769962e-03
1.547307307307307383e+03,3.138534132500901859e-03
1.547407407407407391e+03,3.147608504755799314e-03
1.547507507507507398e+03,3.156818901101482531e-03
1.547607607607607633e+03,3.166166641728675613e-03
1.547707707707707641e+03,3.175653072204817282e-03
1.547807807807807876e+03,3.185279563909493381e-03
1.547907907907907884e+03,3.195047514480294643e-03
1.548008008008008119e+03,3.204958348269791851e-03
1.548108108108108127e+03,3.215013516813132726e-03
1.548208208208208134e+03,3.225214499307527734e-03
1.548308308308308369e+03,3.235562803103084889e-03
1.548408408408408377e+03,3.246059964205687872e-03
1.548508508508508612e+03,3.256707547792121304e-03
1.548608608608608620e+03,3.267507148737811788e-03
1.548708708708708627e+03,3.278460392157294019e-03
1.548808808808808863e+03,3.289568933958227255e-03
1.548908908908908870e+03,3.300834461408490728e-03
1.549009009009009105e+03,3.312258693717711529e-03
1.549109109109109113e+03,3.323843382632530197e-03
1.549209209209209121e+03,3.335590313046921541e-03
1.549309309309309356e+03,3.347501303627478750e-03
1.549409409409409363e+03,3.359578207453697233e-03
1.549509509509509599e+03,3.371822912674812475e-03
1.549609609609609606e+03,3.384237343182127690e-03
1.549709709709709614e+03,3.396823459298516958e-03
1.549809809809809849e+03,3.409583258484969424e-03
1.549909909909909857e+03,3.422518776064473363e-03
1.550010010010010092e+03,3.435632085964307383e-03
1.550110110110110099e+03,3.448925301476628204e-03
1.550210210210210107e+03,3.462400576038092252e-03
1.550310310310310342e+03,3.476060104029442179e-03
1.550410410410410350e+03,3.489906121594533572e-03
1.550510510510510585e+03,3.503940907480830157e-03
1.550610610610610593e+03,3.518166783900356174e-03
1.550710710710710600e+03,3.532586117413022767e-03
1.550810810810810835e+03,3.547201319832355305e-03
1.550910910910910843e+03,3.562014849153793353e-03
1.551011011011011078e+03,3.577029210507528308e-03
1.551111111111111086e+03,3.592246957134888601e-03
1.551211211211211321e+03,3.607670691390464732e-03
1.551311311311311329e+03,3.623303065769564301e-03
1.551411411411411336e+03,3.639146783962717013e-03
1.551511511511511571e+03,3.655204601936903972e-03
1.551611611611611579e+03,3.671479329045238601e-03
1.551711711711711814e+03,3.687973829165490814e-03
1.551811811811811822e+03,3.704691021868275393e-03
1.551911911911911830e+03,3.721633883615998745e-03
1.552012012012012065e+03,3.738805448993299130e-03
1.552112112112112072e+03,3.756208811969511188e-03
1.552212212212212307e+03,3.773847127195284132e-03
1.552312312312312315e+03,3.791723611332899549e-03
1.552412412412412323e+03,3.809841544422446803e-03
1.552512512512512558e+03,3.828204271284389899e-03
1.552612612612612565e+03,3.846815202959342431e-03
1.552712712712712801e+03,3.865677818187058558e-03
1.552812812812812808e+03,3.884795664925035519e-03
1.552912912912912816e+03,3.904172361908347932e-03
1.553013013013013051e+03,3.923811600251611575e-03
1.553113113113113059e+03,3.943717145094761088e-03
1.553213213213213294e+03,3.963892837293792569e-03
1.553313313313313301e+03,3.984342595157816351e-03
1.553413413413413309e+03,4.005070416234123888e-03
1.553513513513513544e+03,4.026080379142274457e-03
1.553613613613613552e+03,4.047376645459298088e-03
1.553713713713713787e+03,4.068963461657006987e-03
1.553813813813813795e+03,4.090845161093982843e-03
1.553913913913913802e+03,4.113026166062811600e-03
1.554014014014014037e+03,4.135510989895295302e-03
1.554114114114114045e+03,4.158304239126627173e-03
1.554214214214214280e+03,4.181410615721575276e-03
1.554314314314314288e+03,4.204834919363429312e-03
1.554414414414414523e+03,4.228582049808767181e-03
1.554514514514514531e+03,4.252657009308915582e-03
1.554614614614614538e+03,4.277064905102245448e-03
1.554714714714714773e+03,4.301810951977316083e-03
1.554814814814814781e+03,4.326900474911164925e-03
1.554914914914915016e+03,4.352338911784015343e-03
1.555015015015015024e+03,4.378131816172995891e-03
1.555115115115115032e+03,4.404284860228886017e-03
1.555215215215215267e+03,4.430803837636192698e-03
1.555315315315315274e+03,4.457694666661839340e-03
1.555415415415415509e+03,4.484963393294052504e-03
1.555515515515515517e+03,4.512616194474580213e-03
1.555615615615615525e+03,4.540659381427778092e-03
1.555715715715715760e+03,4.569099403090246155e-03
1.555815815815815768e+03,4.597942849642858501e-03
1.555915915915916003e+03,4.627196456151362429e-03
1.556016016016016010e+03,4.656867106316105523e-03
1.556116116116116018e+03,4.686961836337579825e-03
1.556216216216216253e+03,4.717487838900157916e-03
1.556316316316316261e+03,4.748452467278485231e-03
1.556416416416416496e+03,4.779863239571105656e-03
1.556516516516516504e+03,4.811727843065457741e-03
1.556616616616616511e+03,4.844054138739499471e-03
1.556716716716716746e+03,4.876850165904303598e-03
1.556816816816816754e+03,4.910124146992274341e-03
1.556916916916916989e+03,4.943884492497980718e-03
1.557017017017016997e+03,4.978139806074468807e-03
1.557117117117117232e+03,5.012898889793431650e-03
1.557217217217217240e+03,5.048170749572948243e-03
1.557317317317317247e+03,5.083964600780807759e-03
1.557417417417417482e+03,5.120289874018285788e-03
1.557517517517517490e+03,5.157156221092019238e-03
1.557617617617617725e+03,5.194573521180702834e-03
1.557717717717717733e+03,5.232551887203748184e-03
1.557817817817817740e+03,5.271101672400319710e-03
1.557917917917917976e+03,5.310233477124836309e-03
1.558018018018017983e+03,5.349958155868984530e-03
1.558118118118118218e+03,5.390286824517984479e-03
1.558218218218218226e+03,5.431230867850305941e-03
1.558318318318318234e+03,5.472801947290001877e-03
1.558418418418418469e+03,5.515012008921591456e-03
1.558518518518518476e+03,5.557873291777239155e-03
1.558618618618618711e+03,5.601398336407346044e-03
1.558718718718718719e+03,5.645599993745998961e-03
1.558818818818818727e+03,5.690491434281490755e-03
1.558918918918918962e+03,5.736086157545612456e-03
1.559019019019018970e+03,5.782398001932347736e-03
1.559119119119119205e+03,5.829441154862193691e-03
1.559219219219219212e+03,5.877230163302346252e-03
1.559319319319319220e+03,5.925779944660167740e-03
1.559419419419419455e+03,5.975105798062982539e-03
1.559519519519519463e+03,6.025223416041045055e-03
1.559619619619619698e+03,6.076148896629489371e-03
1.559719719719719706e+03,6.127898755907375435e-03
1.559819819819819713e+03,6.180489940991501681e-03
1.559919919919919948e+03,6.233939843502436275e-03
1.560020020020019956e+03,6.288266313525278477e-03
1.560120120120120191e+03,6.343487674083703870e-03
1.560220220220220199e+03,6.399622736149371272e-03
1.560320320320320207e+03,6.456690814211131849e-03
1.560420420420420442e+03,6.514711742424259509e-03
1.560520520520520449e+03,6.573705891368451272e-03
1.560620620620620684e+03,6.633694185438717209e-03
1.560720720720720692e+03,6.694698120896307517e-03
1.560820820820820927e+03,6.756739784610801131e-03
1.560920920920920935e+03,6.819841873519273505e-03
1.561021021021020942e+03,6.884027714839622419e-03
1.561121121121121178e+03,6.949321287065975648e-03
1.561221221221221185e+03,7.015747241785298509e-03
1.561321321321321420e+03,7.083330926350095251e-03
1.561421421421421428e+03,7.152098407444069765e-03
1.561521521521521436e+03,7.222076495585354888e-03
1.561621621621621671e+03,7.293292770605315500e-03
1.561721721721721678e+03,7.365775608150867959e-03
1.561821821821821914e+03,7.439554207256495084e-03
1.561921921921921921e+03,7.514658619033542757e-03
1.562022022022021929e+03,7.591119776532749032e-03
1.562122122122122164e+03,7.668969525830307554e-03
1.562222222222222172e+03,7.748240658398274257e-03
1.562322322322322407e+03,7.828966944820568707e-03
1.562422422422422414e+03,7.911183169913491714e-03
1.562522522522522422e+03,7.994925169325718325e-03
1.562622622622622657e+03,8.080229867682420242e-03
1.562722722722722665e+03,8.167135318351162118e-03
1.562822822822822900e+03,8.255680744910490546e-03
1.562922922922922908e+03,8.345906584398914835e-03
1.563023023023022915e+03,8.437854532438752650e-03
1.563123123123123150e+03,8.531567590324678346e-03
1.563223223223223158e+03,8.627090114172121862e-03
1.563323323323323393e+03,8.724467866236849251e-03
1.563423423423423401e+03,8.823748068506222578e-03
1.563523523523523636e+03,8.924979458685571715e-03
1.563623623623623644e+03,9.028212348695838566e-03
1.563723723723723651e+03,9.133498685818130028e-03
1.563823823823823886e+03,9.240892116615707225e-03
1.563923923923923894e+03,9.350448053782531299e-03
1.564024024024024129e+03,9.462223746072364119e-03
1.564124124124124137e+03,9.576278351466431180e-03
1.564224224224224145e+03,9.692673013759596501e-03
1.564324324324324380e+03,9.811470942738390044e-03
1.564424424424424387e+03,9.932737498151019209e-03
1.564524524524524622e+03,1.005654027767488752e-02
1.564624624624624630e+03,1.018294920909532456e-02
1.564724724724724638e+03,1.031203664693004611e-02
1.564824824824824873e+03,1.044387747374630852e-02
1.564924924924924881e+03,1.057854920642522546e-02
1.565025025025025116e+03,1.071613210766140037e-02
1.565125125125125123e+03,1.085670930298300065e-02
1.565225225225225131e+03,1.100036690361117647e-02
1.565325325325325366e+03,1.114719413549224505e-02
1.565425425425425374e+03,1.129728347485622203e-02
1.565525525525525609e+03,1.145073079068317616e-02
1.565625625625625617e+03,1.160763549447705288e-02
1.565725725725725624e+03,1.176810069778302763e-02
1.565825825825825859e+03,1.193223337789810386e-02
1.565925925925925867e+03,1.210014455227177189e-02
1.566026026026026102e+03,1.227194946211598858e-02
1.566126126126126110e+03,1.244776776577973323e-02
1.566226226226226117e+03,1.262772374248998485e-02
1.566326326326326353e+03,1.281194650708773752e-02
1.566426426426426360e+03,1.300057023644326376e-02
1.566526526526526595e+03,1.319373440828200232e-02
1.566626626626626603e+03,1.339158405319495343e-02
1.566726726726726838e+03,1.359427002067278845e-02
1.566826826826826846e+03,1.380194926005066415e-02
1.566926926926926853e+03,1.401478511733504628e-02
1.567027027027027088e+03,1.423294764892338825e-02
1.567127127127127096e+03,1.445661395333609767e-02
1.567227227227227331e+03,1.468596852213641633e-02
1.567327327327327339e+03,1.492120361130511684e-02
1.567427427427427347e+03,1.516251963445548745e-02
1.567527527527527582e+03,1.541012557933343907e-02
1.567627627627627589e+03,1.566423944920832326e-02
1.567727727727727824e+03,1.592508873084209214e-02
1.567827827827827832e+03,1.619291089087621788e-02
1.567927927927927840e+03,1.646795390261438993e-02
1.568028028028028075e+03,1.675047680532853328e-02
1.568128128128128083e+03,1.704075029839566616e-02
1.568228228228228318e+03,1.733905737274427095e-02
1.568328328328328325e+03,1.764569398229061392e-02
1.568428428428428333e+03,1.796096975827945683e-02
1.568528528528528568e+03,1.828520876964918190e-02
1.568628628628628576e+03,1.861875033283572067e-02
1.568728728728728811e+03,1.896194987468162452e-02
1.568828828828828819e+03,1.931517985244489768e-02
1.568928928928928826e+03,1.967883073523255671e-02
1.569029029029029061e+03,2.005331205154915059e-02
1.569129129129129069e+03,2.043905350806058882e-02
1.569229229229229304e+03,2.083650618512243244e-02
1.569329329329329312e+03,2.124614381507389238e-02
1.569429429429429319e+03,2.166846414989399144e-02
1.569529529529529555e+03,2.210399042532106006e-02
1.569629629629629562e+03,2.255327292925742369e-02
1.569729729729729797e+03,2.301689068293284041e-02
1.569829829829829805e+03,2.349545324409471267e-02
1.569929929929930040e+03,2.398960264237852760e-02
1.570030030030030048e+03,2.450001545787905410e-02
1.570130130130130055e+03,2.502740505511960936e-02
1.570230230230230291e+03,2.557252398559681575e-02
1.570330330330330298e+03,2.613616657350729955e-02
1.570430430430430533e+03,2.671917170057728358e-02
1.570530530530530541e+03,2.732242580750550778e-02
1.570630630630630549e+03,2.794686613127201832e-02
1.570730730730730784e+03,2.859348419943680622e-02
1.570830830830830791e+03,2.926332960473861794e-02
1.570930930930931027e+03,2.995751408562846024e-02
1.571031031031031034e+03,3.067721594101870813e-02
1.571131131131131042e+03,3.142368481045582085e-02
1.571231231231231277e+03,3.219824685416893678e-02
1.571331331331331285e+03,3.300231037113408872e-02
1.571431431431431520e+03,3.383737189729266875e-02
1.571531531531531527e+03,3.470502283066058402e-02
1.571631631631631535e+03,3.560695663511524028e-02
1.571731731731731770e+03,3.654497668030406987e-02
1.571831831831831778e+03,3.752100478155264568e-02
1.571931931931932013e+03,3.853709051076047165e-02
1.572032032032032021e+03,3.959542135725930417e-02
1.572132132132132028e+03,4.069833382670724059e-02
1.572232232232232263e+03,4.184832557612775533e-02
1.572332332332332271e+03,4.304806869467870528e-02
1.572432432432432506e+03,4.430042425261902783e-02
1.572532532532532514e+03,4.560845825533019204e-02
1.572632632632632522e+03,4.697545915571809533e-02
1.572732732732732757e+03,4.840495709675556729e-02
1.572832832832832764e+03,4.990074507678066845e-02
1.572932932932932999e+03,5.146690225387316742e-02
1.573033033033033007e+03,5.310781963225350011e-02
1.573133133133133242e+03,5.482822840400548847e-02
1.573233233233233250e+03,5.663323125366039740e-02
1.573333333333333258e+03,5.852833697206923091e-02
1.573433433433433493e+03,6.051949876996430555e-02
1.573533533533533500e+03,6.261315673160736117e-02
1.573633633633633735e+03,6.481628490544871779e-02
1.573733733733733743e+03,6.713644359263955252e-02
1.573833833833833751e+03,6.958183746711793516e-02
1.573933933933933986e+03,7.216138024255625005e-02
1.574034034034033994e+03,7.488476669441983258e-02
1.574134134134134229e+03,7.776255294960225661e-02
1.574234234234234236e+03,8.080624607332141662e-02
1.574334334334334244e+03,8.402840411455889114e-02
1.574434434434434479e+03,8.744274791764823640e-02
1.574534534534534487e+03,9.106428617011916304e-02
1.574634634634634722e+03,9.490945533543194979e-02
1.574734734734734729e+03,9.899627631367417802e-02
1.574834834834834737e+03,1.033445298819573449e-01
1.574934934934934972e+03,1.079759531856800264e-01
1.575035035035034980e+03,1.129144597765271985e-01
1.575135135135135215e+03,1.181863859130117822e-01
1.575235235235235223e+03,1.238207660394035209e-01
1.575335335335335230e+03,1.298496405169306811e-01
1.575435435435435465e+03,1.363083987614633064e-01
1.575535535535535473e+03,1.432361608975752376e-01
1.575635635635635708e+03,1.506762007953978133e-01
1.575735735735735716e+03,1.586764128147539477e-01
1.575835835835835951e+03,1.672898235951677803e-01
1.575935935935935959e+03,1.765751485965333656e-01
1.576036036036035966e+03,1.865973905348558559e-01
1.576136136136136201e+03,1.974284729730356458e-01
1.576236236236236209e+03,2.091478965883428465e-01
1.576336336336336444e+03,2.218433973108994983e-01
1.576436436436436452e+03,2.356115736308916075e-01
1.576536536536536460e+03,2.505584336130147749e-01
1.576636636636636695e+03,2.667997888395553518e-01
1.576736736736736702e+03,2.844613905118333896e-01
1.576836836836836937e+03,3.036786596833582763e-01
1.576936936936936945e+03,3.245958061380811444e-01
1.577037037037036953e+03,3.473640557825375397e-01
1.577137137137137188e+03,3.721386122469639846e-01
1.577237237237237196e+03,3.990738644037514771e-01
1.577337337337337431e+03,4.283162219282912186e-01
1.577437437437437438e+03,4.599938286696056977e-01
1.577537537537537446e+03,4.942022961890200627e-01
1.577637637637637681e+03,5.309855685705436867e-01
1.577737737737737689e+03,5.703111594065083390e-01
1.577837837837837924e+03,6.120394193853343490e-01
1.577937937937937932e+03,6.558873646692907622e-01
1.578038038038037939e+03,7.013891010822611571e-01
1.578138138138138174e+03,7.478571331783152587e-01
1.578238238238238182e+03,7.943517603979440844e-01
1.578338338338338417e+03,8.396688308399383738e-01
1.578438438438438425e+03,8.823582311276917389e-01
1.578538538538538432e+03,9.207849084310321119e-01
1.578638638638638668e+03,9.532390687486870240e-01
1.578738738738738675e+03,9.780915521306089433e-01
1.578838838838838910e+03,9.939757434742421127e-01
1.578938938938938918e+03,9.999634434945647854e-01
1.579039039039038926e+03,9.956956369233302961e-01
1.579139139139139161e+03,9.814353262677992795e-01
1.579239239239239168e+03,9.580283827080299242e-01
1.579339339339339404e+03,9.267829074670449474e-01
1.579439439439439411e+03,8.892978073236147418e-01
1.579539539539539646e+03,8.472795730950823945e-01
1.579639639639639654e+03,8.023814278806882250e-01
1.579739739739739662e+03,7.560857642353926433e-01
1.579839839839839897e+03,7.096358955609096686e-01
1.579939939939939904e+03,6.640117466332152718e-01
1.580040040040040140e+03,6.199381547047133623e-01
1.580140140140140147e+03,5.779132946420190153e-01
1.580240240240240155e+03,5.382465611238984593e-01
1.580340340340340390e+03,5.010982447192638967e-01
1.580440440440440398e+03,4.665163134621337915e-01
1.580540540540540633e+03,4.344679732344909340e-01
1.580640640640640640e+03,4.048652908528361238e-01
1.580740740740740648e+03,3.775851188304646389e-01
1.580840840840840883e+03,3.524840354159845535e-01
1.580940940940940891e+03,3.294091781364754112e-01
1.581041041041041126e+03,3.082058365625200969e-01
1.581141141141141134e+03,2.887225709304847565e-01
1.581241241241241141e+03,2.708144931305224157e-01
1.581341341341341376e+03,2.543452160286781560e-01
1.581441441441441384e+03,2.391878607389150702e-01
1.581541541541541619e+03,2.252254145383460748e-01
1.581641641641641627e+03,2.123506548445000253e-01
1.581741741741741635e+03,2.004657949322277144e-01
1.581841841841841870e+03,1.894819619436341196e-01
1.581941941941941877e+03,1.793185842664009877e-01
1.582042042042042112e+03,1.699027409017861701e-01
1.582142142142142120e+03,1.611685078158572315e-01
1.582242242242242355e+03,1.530563237265835652e-01
1.582342342342342363e+03,1.455123889768582812e-01
1.582442442442442371e+03,1.384881050538372127e-01
1.582542542542542606e+03,1.319395581818594010e-01
1.582642642642642613e+03,1.258270476709102415e-01
1.582742742742742848e+03,1.201146579409868437e-01
1.582842842842842856e+03,1.147698720649749926e-01
1.582942942942942864e+03,1.097632240650280450e-01
1.583043043043043099e+03,1.050679869114470311e-01
1.583143143143143106e+03,1.006598930965441618e-01
1.583243243243243342e+03,9.651688471704943095e-02
1.583343343343343349e+03,9.261889014298801959e-02
1.583443443443443357e+03,8.894762454270227492e-02
1.583543543543543592e+03,8.548641174926982500e-02
1.583643643643643600e+03,8.222002517523910314e-02
1.583743743743743835e+03,7.913454570174462133e-02
1.583843843843843842e+03,7.621723467664093254e-02
1.583943943943943850e+03,7.345642035162407157e-02
1.584044044044044085e+03,7.084139626826808922e-02
1.584144144144144093e+03,6.836233026657419221e-02
1.584244244244244328e+03,6.601018293782368040e-02
1.584344344344344336e+03,6.377663447643130978e-02
1.584444444444444343e+03,6.165401900419262976e-02
1.584544544544544578e+03,5.963526554626177173e-02
1.584644644644644586e+03,5.771384493200041460e-02
1.584744744744744821e+03,5.588372197699313648e-02
1.584844844844844829e+03,5.413931237633363980e-02
1.584944944944944837e+03,5.247544380411377218e-02
1.585045045045045072e+03,5.088732077172102020e-02
1.585145145145145079e+03,4.937049284804684302e-02
1.585245245245245314e+03,4.792082588958085365e-02
1.585345345345345322e+03,4.653447596783942541e-02
1.585445445445445557e+03,4.520786571634695383e-02
1.585545545545545565e+03,4.393766285028741919e-02
1.585645645645645573e+03,4.272076063893684439e-02
1.585745745745745808e+03,4.155426013522561801e-02
1.585845845845845815e+03,4.043545398776322852e-02
1.585945945945946050e+03,3.936181167965107502e-02
1.586046046046046058e+03,3.833096605494400871e-02
1.586146146146146066e+03,3.734070100830534644e-02
1.586246246246246301e+03,3.638894022665161571e-02
1.586346346346346309e+03,3.547373688294484795e-02
1.586446446446446544e+03,3.459326419279625670e-02
1.586546546546546551e+03,3.374580675360355081e-02
1.586646646646646559e+03,3.292975259409069294e-02
1.586746746746746794e+03,3.214358586946081814e-02
1.586846846846846802e+03,3.138588014374400076e-02
1.586946946946947037e+03,3.065529220676366240e-02
1.587047047047047045e+03,2.995055637832505155e-02
1.587147147147147052e+03,2.927047925673258513e-02
1.587247247247247287e+03,2.861393487302472255e-02
1.587347347347347295e+03,2.797986021588040259e-02
1.587447447447447530e+03,2.736725109553451649e-02
1.587547547547547538e+03,2.677515831800935525e-02
1.587647647647647545e+03,2.620268414360761577e-02
1.587747747747747781e+03,2.564897900606222594e-02
1.587847847847847788e+03,2.511323847086027738e-02
1.587947947947948023e+03,2.459470041321479630e-02
1.588048048048048031e+03,2.409264239793672963e-02
1.588148148148148266e+03,2.360637924500773310e-02
1.588248248248248274e+03,2.313526076611469029e-02
1.588348348348348281e+03,2.267866965866278950e-02
1.588448448448448517e+03,2.223601954501003980e-02
1.588548548548548524e+03,2.180675314566227901e-02
1.588648648648648759e+03,2.139034057616381532e-02
1.588748748748748767e+03,2.098627775829695064e-02
1.588848848848848775e+03,2.059408493693812639e-02
1.588948948948949010e+03,2.021330529472300727e-02
1.589049049049049017e+03,1.984350365724217927e-02
1.589149149149149252e+03,1.948426528212493514e-02
1.589249249249249260e+03,1.913519472591336534e-02
1.589349349349349268e+03,1.879591478308463917e-02
1.589449449449449503e+03,1.846606549208088324e-02
1.589549549549549511e+03,1.814530320356754628e-02
1.589649649649649746e+03,1.783329970654103439e-02
1.589749749749749753e+03,1.752974140825033084e-02
1.589849849849849761e+03,1.723432856418439033e-02
1.589949949949949996e+03,1.694677455470724320e-02
1.590050050050050004e+03,1.666680520514315922e-02
1.590150150150150239e+03,1.639415814636691754e-02
1.590250250250250247e+03,1.612858221320398466e-02
1.590350350350350254e+03,1.586983687808977278e-02
1.590450450450450489e+03,1.561769171768768484e-02
1.590550550550550497e+03,1.537192591028613449e-02
1.590650650650650732e+03,1.513232776197442377e-02
1.590750750750750740e+03,1.489869425975009001e-02
1.590850850850850748e+03,1.467083064981451745e-02
1.590950950950950983e+03,1.444855003946878685e-02
1.591051051051050990e+03,1.423167302111582808e-02
1.591151151151151225e+03,1.402002731697886417e-02
1.591251251251251233e+03,1.381344744325798887e-02
1.591351351351351241e+03,1.361177439251017550e-02
1.591451451451451476e+03,1.341485533315348901e-02
1.591551551551551483e+03,1.322254332504084300e-02
1.591651651651651719e+03,1.303469705013305877e-02
1.591751751751751726e+03,1.285118055737899563e-02
1.591851851851851961e+03,1.267186302093415741e-02
1.591951951951951969e+03,1.249661851095569889e-02
1.592052052052051977e+03,1.232532577621067542e-02
1.592152152152152212e+03,1.215786803782700071e-02
1.592252252252252219e+03,1.199413279353720753e-02
1.592352352352352455e+03,1.183401163179980710e-02
1.592452452452452462e+03,1.167740005525773166e-02
1.592552552552552470e+03,1.152419731298035162e-02
1.592652652652652705e+03,1.137430624101233405e-02
1.592752752752752713e+03,1.122763311075462497e-02
1.592852852852852948e+03,1.108408748474392497e-02
1.592952952952952955e+03,1.094358207942726542e-02
1.593053053053052963e+03,1.080603263454150628e-02
1.593153153153153198e+03,1.067135778874237113e-02
1.593253253253253206e+03,1.053947896114345098e-02
1.593353353353353441e+03,1.041032023844672312e-02
1.593453453453453449e+03,1.028380826736786068e-02
1.593553553553553456e+03,1.015987215207221801e-02
1.593653653653653691e+03,1.003844335636176061e-02
1.593753753753753699e+03,9.919455610359274172e-03
1.593853853853853934e+03,9.802844821457672511e-03
1.593953953953953942e+03,9.688548989317152457e-03
1.594054054054053950e+03,9.576508124693501253e-03
1.594154154154154185e+03,9.466664171911677236e-03
1.594254254254254192e+03,9.358960934793334255e-03
1.594354354354354427e+03,9.253344005863761018e-03
1.594454454454454435e+03,9.149760698679159504e-03
1.594554554554554670e+03,9.048159983111023208e-03
1.594654654654654678e+03,8.948492423449395938e-03
1.594754754754754686e+03,8.850710119176990673e-03
1.594854854854854921e+03,8.754766648292037004e-03
1.594954954954954928e+03,8.660617013050963750e-03
1.595055055055055163e+03,8.568217588013200131e-03
1.595155155155155171e+03,8.477526070281958190e-03
1.595255255255255179e+03,8.388501431829318428e-03
1.595355355355355414e+03,8.301103873813055548e-03
1.595455455455455422e+03,8.215294782787289571e-03
1.595555555555555657e+03,8.131036688717493965e-03
1.595655655655655664e+03,8.048293224720327182e-03
1.595755755755755672e+03,7.967029088439124551e-03
1.595855855855855907e+03,7.887210004990440754e-03
1.595955955955955915e+03,7.808802691400895842e-03
1.596056056056056150e+03,7.731774822469642157e-03
1.596156156156156158e+03,7.656094997992963884e-03
1.596256256256256165e+03,7.581732711285532091e-03
1.596356356356356400e+03,7.508658318943806781e-03
1.596456456456456408e+03,7.436843011795008819e-03
1.596556556556556643e+03,7.366258786976522671e-03
1.596656656656656651e+03,7.296878421101099868e-03
1.596756756756756658e+03,7.228675444453015568e-03
1.596856856856856894e+03,7.161624116176872924e-03
1.596956956956956901e+03,7.095699400411568068e-03
1.597057057057057136e+03,7.030876943329864015e-03
1.597157157157157144e+03,6.967133051045938663e-03
1.597257257257257152e+03,6.904444668349450469e-03
1.597357357357357387e+03,6.842789358237019205e-03
1.597457457457457394e+03,6.782145282202812174e-03
1.597557557557557629e+03,6.722491181256470480e-03
1.597657657657657637e+03,6.663806357642071757e-03
1.597757757757757645e+03,6.606070657221857143e-03
1.597857857857857880e+03,6.549264452504219812e-03
1.597957957957957888e+03,6.493368626285196676e-03
1.598058058058058123e+03,6.438364555878111142e-03
1.598158158158158130e+03,6.384234097911415870e-03
1.598258258258258365e+03,6.330959573664752572e-03
1.598358358358358373e+03,6.278523754928758659e-03
1.598458458458458381e+03,6.226909850362242517e-03
1.598558558558558616e+03,6.176101492329486888e-03
1.598658658658658624e+03,6.126082724198037184e-03
1.598758758758758859e+03,6.076837988076777379e-03
1.598858858858858866e+03,6.028352112980842406e-03
1.598958958958958874e+03,5.980610303402583358e-03
1.599059059059059109e+03,5.933598128274705959e-03
1.599159159159159117e+03,5.887301510311388798e-03
1.599259259259259352e+03,5.841706715708940359e-03
1.599359359359359360e+03,5.796800344196812935e-03
1.599459459459459367e+03,5.752569319422214285e-03
1.599559559559559602e+03,5.709000879656412480e-03
1.599659659659659610e+03,5.666082568812008148e-03
1.599759759759759845e+03,5.623802227756308399e-03
1.599859859859859853e+03,5.582147985913475836e-03
1.599959959959959860e+03,5.541108253140763877e-03
1.600060060060060096e+03,5.500671711871805807e-03
1.600160160160160103e+03,5.460827309515830195e-03
1.600260260260260338e+03,5.421564251101496611e-03
1.600360360360360346e+03,5.382871992160532561e-03
1.600460460460460581e+03,5.344740231837674660e-03
1.600560560560560589e+03,5.307158906223225989e-03
1.600660660660660596e+03,5.270118181895236571e-03
1.600760760760760832e+03,5.233608449668593864e-03
1.600860860860860839e+03,5.197620318540367712e-03
1.600960960960961074e+03,5.162144609824972225e-03
1.601061061061061082e+03,5.127172351474157223e-03
1.601161161161161090e+03,5.092694772571638648e-03
1.601261261261261325e+03,5.058703298000752011e-03
1.601361361361361332e+03,5.025189543275228841e-03
1.601461461461461568e+03,4.992145309528953599e-03
1.601561561561561575e+03,4.959562578660104901e-03
1.601661661661661583e+03,4.927433508621816699e-03
1.601761761761761818e+03,4.895750428856692274e-03
1.601861861861861826e+03,4.864505835869057000e-03
1.601961961961962061e+03,4.833692388930198487e-03
1.602062062062062068e+03,4.803302905912935558e-03
1.602162162162162076e+03,4.773330359249220757e-03
1.602262262262262311e+03,4.743767872009164825e-03
1.602362362362362319e+03,4.714608714095637129e-03
1.602462462462462554e+03,4.685846298550302123e-03
1.602562562562562562e+03,4.657474177969436920e-03
1.602662662662662569e+03,4.629486041023193020e-03
1.602762762762762804e+03,4.601875709076781729e-03
1.602862862862862812e+03,4.574637132909870063e-03
1.602962962962963047e+03,4.547764389529879853e-03
1.603063063063063055e+03,4.521251679078262808e-03
1.603163163163163063e+03,4.495093321823616719e-03
1.603263263263263298e+03,4.469283755242110280e-03
1.603363363363363305e+03,4.443817531180426113e-03
1.603463463463463540e+03,4.418689313098368363e-03
1.603563563563563548e+03,4.393893873390542458e-03
1.603663663663663556e+03,4.369426090781721589e-03
1.603763763763763791e+03,4.345280947796224293e-03
1.603863863863863799e+03,4.321453528297541404e-03
1.603963963963964034e+03,4.297939015095868752e-03
1.604064064064064041e+03,4.274732687622516923e-03
1.604164164164164049e+03,4.251829919667616739e-03
1.604264264264264284e+03,4.229226177180482951e-03
1.604364364364364292e+03,4.206917016130139880e-03
1.604464464464464527e+03,4.184898080423484108e-03
1.604564564564564535e+03,4.163165099881105911e-03
1.604664664664664770e+03,4.141713888266456041e-03
1.604764764764764777e+03,4.120540341369417769e-03
1.604864864864864785e+03,4.099640435140278726e-03
1.604964964964965020e+03,4.079010223874328031e-03
1.605065065065065028e+03,4.058645838444760283e-03
1.605165165165165263e+03,4.038543484581745731e-03
1.605265265265265271e+03,4.018699441198230436e-03
1.605365365365365278e+03,3.999110058758832166e-03
1.605465465465465513e+03,3.979771757692139068e-03
1.605565565565565521e+03,3.960681026844737988e-03
1.605665665665665756e+03,3.941834421974737233e-03
1.605765765765765764e+03,3.923228564285512372e-03
1.605865865865865771e+03,3.904860138996490981e-03
1.605965965965966006e+03,3.886725893951639439e-03
1.606066066066066014e+03,3.868822638263271722e-03
1.606166166166166249e+03,3.851147240990616862e-03
1.606266266266266257e+03,3.833696629852466776e-03
1.606366366366366265e+03,3.816467789972323704e-03
1.606466466466466500e+03,3.799457762655465698e-03
1.606566566566566507e+03,3.782663644197392389e-03
1.606666666666666742e+03,3.766082584721310456e-03
1.606766766766766750e+03,3.749711787046019259e-03
1.606866866866866985e+03,3.733548505581155662e-03
1.606966966966966993e+03,3.717590045250985034e-03
1.607067067067067001e+03,3.701833760443972408e-03
1.607167167167167236e+03,3.686277053989182005e-03
1.607267267267267243e+03,3.670917376157796421e-03
1.607367367367367478e+03,3.655752223688967916e-03
1.607467467467467486e+03,3.640779138840236854e-03
1.607567567567567494e+03,3.625995708460345857e-03
1.607667667667667729e+03,3.611399563085610203e-03
1.607767767767767737e+03,3.596988376057774946e-03
1.607867867867867972e+03,3.582759862663198718e-03
1.607967967967967979e+03,3.568711779293591915e-03
1.608068068068067987e+03,3.554841922625985584e-03
1.608168168168168222e+03,3.541148128823252451e-03
1.608268268268268230e+03,3.527628272753679552e-03
1.608368368368368465e+03,3.514280267228701675e-03
1.608468468468468473e+03,3.501102062259707232e-03
1.608568568568568480e+03,3.488091644331588106e-03
1.608668668668668715e+03,3.475247035694241284e-03
1.608768768768768723e+03,3.462566293670620195e-03
1.608868868868868958e+03,3.450047509980864752e-03
1.608968968968968966e+03,3.437688810082919523e-03
1.609069069069068973e+03,3.425488352527922189e-03
1.609169169169169209e+03,3.413444328331297333e-03
1.609269269269269216e+03,3.401554960358259706e-03
1.609369369369369451e+03,3.389818502723516199e-03
1.609469469469469459e+03,3.378233240205449732e-03
1.609569569569569467e+03,3.366797487673142686e-03
1.609669669669669702e+03,3.355509589527171013e-03
1.609769769769769709e+03,3.344367919153278228e-03
1.609869869869869945e+03,3.333370878388368114e-03
1.609969969969969952e+03,3.322516896999062018e-03
1.610070070070069960e+03,3.311804432171894415e-03
1.610170170170170195e+03,3.301231968015395663e-03
1.610270270270270203e+03,3.290798015073597045e-03
1.610370370370370438e+03,3.280501109850274613e-03
1.610470470470470445e+03,3.270339814344477413e-03
1.610570570570570681e+03,3.260312715596058990e-03
1.610670670670670688e+03,3.250418425241990202e-03
1.610770770770770696e+03,3.240655579082376073e-03
1.610870870870870931e+03,3.231022836656344526e-03
1.610970970970970939e+03,3.221518880827622250e-03
1.611071071071071174e+03,3.212142417379082546e-03
1.611171171171171181e+03,3.202892174616869293e-03
1.611271271271271189e+03,3.193766902982833264e-03
1.611371371371371424e+03,3.184765374676132993e-03
1.611471471471471432e+03,3.175886383283019632e-03
1.611571571571571667e+03,3.167128743414856108e-03
1.611671671671671675e+03,3.158491290354383581e-03
1.611771771771771682e+03,3.149972879709566059e-03
1.611871871871871917e+03,3.141572387075460254e-03
1.611971971971971925e+03,3.133288707703357854e-03
1.612072072072072160e+03,3.125120756177237041e-03
1.612172172172172168e+03,3.117067466097586583e-03
1.612272272272272176e+03,3.109127789771967167e-03
1.612372372372372411e+03,3.101300697912552379e-03
1.612472472472472418e+03,3.093585179340490633e-03
1.612572572572572653e+03,3.085980240696316497e-03
1.612672672672672661e+03,3.078484906157342559e-03
1.612772772772772896e+03,3.071098217160762867e-03
1.612872872872872904e+03,3.063819232133289331e-03
1.612972972972972912e+03,3.056647026226357901e-03
1.613073073073073147e+03,3.049580691057430116e-03
1.613173173173173154e+03,3.042619334456909963e-03
1.613273273273273389e+03,3.035762080220529447e-03
1.613373373373373397e+03,3.029008067867451810e-03
1.613473473473473405e+03,3.022356452403313076e-03
1.613573573573573640e+03,3.015806404088847235e-03
1.613673673673673647e+03,3.009357108213443245e-03
1.613773773773773883e+03,3.003007764873630390e-03
1.613873873873873890e+03,2.996757588756666750e-03
1.613973973973973898e+03,2.990605808928644901e-03
1.614074074074074133e+03,2.984551668627485194e-03
1.614174174174174141e+03,2.978594425060460561e-03
1.614274274274274376e+03,2.972733349206084594e-03
1.614374374374374383e+03,2.966967725620645209e-03
1.614474474474474391e+03,2.961296852248772836e-03
1.614574574574574626e+03,2.955720040238354104e-03
1.614674674674674634e+03,2.950236613759680843e-03
1.614774774774774869e+03,2.944845909828364746e-03
1.614874874874874877e+03,2.939547278132571481e-03
1.614974974974974884e+03,2.934340080863768498e-03
1.615075075075075119e+03,2.929223692551573711e-03
1.615175175175175127e+03,2.924197499902248410e-03
1.615275275275275362e+03,2.919260901640701681e-03
1.615375375375375370e+03,2.914413308356424408e-03
1.615475475475475378e+03,2.909654142352522364e-03
1.615575575575575613e+03,2.904982837498517115e-03
1.615675675675675620e+03,2.900398839086442467e-03
1.615775775775775855e+03,2.895901603690180948e-03
1.615875875875875863e+03,2.891490599028247177e-03
1.615975975975975871e+03,2.887165303829515063e-03
1.616076076076076106e+03,2.882925207702325548e-03
1.616176176176176114e+03,2.878769811006564629e-03
1.616276276276276349e+03,2.874698624728735507e-03
1.616376376376376356e+03,2.870711170360179705e-03
1.616476476476476364e+03,2.866806979777933653e-03
1.616576576576576599e+03,2.862985595128735537e-03
1.616676676676676607e+03,2.859246568715729641e-03
1.616776776776776842e+03,2.855589462887877725e-03
1.616876876876876850e+03,2.852013849932294714e-03
1.616976976976977085e+03,2.848519311968984811e-03
1.617077077077077092e+03,2.845105440848502785e-03
1.617177177177177100e+03,2.841771838051982291e-03
1.617277277277277335e+03,2.838518114593830896e-03
1.617377377377377343e+03,2.835343890926948253e-03
1.617477477477477578e+03,2.832248796850272716e-03
1.617577577577577586e+03,2.829232471418957357e-03
1.617677677677677593e+03,2.826294562856759493e-03
1.617777777777777828e+03,2.823434728470892649e-03
1.617877877877877836e+03,2.820652634569213030e-03
1.617977977977978071e+03,2.817947956379564418e-03
1.618078078078078079e+03,2.815320377971538245e-03
1.618178178178178086e+03,2.812769592180338740e-03
1.618278278278278322e+03,2.810295300532878945e-03
1.618378378378378329e+03,2.807897213176091967e-03
1.618478478478478564e+03,2.805575048807238889e-03
1.618578578578578572e+03,2.803328534606454488e-03
1.618678678678678580e+03,2.801157406171279635e-03
1.618778778778778815e+03,2.799061407453290982e-03
1.618878878878878822e+03,2.797040290696746825e-03
1.618978978978979058e+03,2.795093816379182368e-03
1.619079079079079065e+03,2.793221753154054125e-03
1.619179179179179300e+03,2.791423877795260865e-03
1.619279279279279308e+03,2.789699975143653844e-03
1.619379379379379316e+03,2.788049838055423144e-03
1.619479479479479551e+03,2.786473267352345372e-03
1.619579579579579558e+03,2.784970071773971208e-03
1.619679679679679793e+03,2.783540067931565467e-03
1.619779779779779801e+03,2.782183080263961848e-03
1.619879879879879809e+03,2.780898940995158927e-03
1.619979979979980044e+03,2.779687490093740634e-03
1.620080080080080052e+03,2.778548575234096509e-03
1.620180180180180287e+03,2.777482051759338957e-03
1.620280280280280294e+03,2.776487782646040649e-03
1.620380380380380302e+03,2.775565638470639009e-03
1.620480480480480537e+03,2.774715497377598823e-03
1.620580580580580545e+03,2.773937245049279670e-03
1.620680680680680780e+03,2.773230774677463029e-03
1.620780780780780788e+03,2.772595986936611957e-03
1.620880880880880795e+03,2.772032789958747516e-03
1.620980980980981030e+03,2.771541099310027845e-03
1.621081081081081038e+03,2.771120837968963930e-03
1.621181181181181273e+03,2.770771936306263856e-03
1.621281281281281281e+03,2.770494332066338484e-03
1.621381381381381289e+03,2.770287970350406546e-03
1.621481481481481524e+03,2.770152803601232550e-03
1.621581581581581531e+03,2.770088791589481441e-03
1.621681681681681766e+03,2.770095901401664010e-03
1.621781781781781774e+03,2.770174107429697330e-03
1.621881881881881782e+03,2.770323391362058962e-03
1.621981981981982017e+03,2.770543742176528011e-03
1.622082082082082024e+03,2.770835156134518647e-03
1.622182182182182260e+03,2.771197636777012613e-03
1.622282282282282267e+03,2.771631194922042577e-03
1.622382382382382275e+03,2.772135848663800049e-03
1.622482482482482510e+03,2.772711623373293275e-03
1.622582582582582518e+03,2.773358551700590667e-03
1.622682682682682753e+03,2.774076673578671024e-03
1.622782782782782760e+03,2.774866036228803342e-03
1.622882882882882768e+03,2.775726694167574178e-03
1.622982982982983003e+03,2.776658709215444609e-03
1.623083083083083011e+03,2.777662150506913542e-03
1.623183183183183246e+03,2.778737094502301691e-03
1.623283283283283254e+03,2.779883625001055604e-03
1.623383383383383489e+03,2.781101833156738711e-03
1.623483483483483496e+03,2.782391817493551096e-03
1.623583583583583504e+03,2.783753683924503324e-03
1.623683683683683739e+03,2.785187545771194029e-03
1.623783783783783747e+03,2.786693523785169994e-03
1.623883883883883982e+03,2.788271746170985395e-03
1.623983983983983990e+03,2.789922348610839650e-03
1.624084084084083997e+03,2.791645474290883628e-03
1.624184184184184232e+03,2.793441273929178192e-03
1.624284284284284240e+03,2.795309905805284240e-03
1.624384384384384475e+03,2.797251535791594849e-03
1.624484484484484483e+03,2.799266337386283748e-03
1.624584584584584491e+03,2.801354491747978966e-03
1.624684684684684726e+03,2.803516187732158632e-03
1.624784784784784733e+03,2.805751621929221222e-03
1.624884884884884968e+03,2.808060998704354268e-03
1.624984984984984976e+03,2.810444530239084894e-03
1.625085085085084984e+03,2.812902436574660475e-03
1.625185185185185219e+03,2.815434945657173567e-03
1.625285285285285227e+03,2.818042293384421994e-03
1.625385385385385462e+03,2.820724723654755191e-03
1.625485485485485469e+03,2.823482488417534270e-03
1.625585585585585704e+03,2.826315847725625191e-03
1.625685685685685712e+03,2.829225069789636192e-03
1.625785785785785720e+03,2.832210431034101143e-03
1.625885885885885955e+03,2.835272216155580206e-03
1.625985985985985963e+03,2.838410718182629230e-03
1.626086086086086198e+03,2.841626238537807870e-03
1.626186186186186205e+03,2.844919087101593740e-03
1.626286286286286213e+03,2.848289582278299304e-03
1.626386386386386448e+03,2.851738051064105564e-03
1.626486486486486456e+03,2.855264829116977918e-03
1.626586586586586691e+03,2.858870260828837596e-03
1.626686686686686699e+03,2.862554699399696805e-03
1.626786786786786706e+03,2.866318506913980921e-03
1.626886886886886941e+03,2.870162054419074602e-03
1.626986986986986949e+03,2.874085722005892754e-03
1.627087087087087184e+03,2.878089898891876639e-03
1.627187187187187192e+03,2.882174983506018747e-03
1.627287287287287199e+03,2.886341383576414722e-03
1.627387387387387435e+03,2.890589516219956370e-03
1.627487487487487442e+03,2.894919808034386935e-03
1.627587587587587677e+03,2.899332695192892093e-03
1.627687687687687685e+03,2.903828623540907934e-03
1.627787787787787693e+03,2.908408048695621667e-03
1.627887887887887928e+03,2.913071436147768659e-03
1.627987987987987935e+03,2.917819261366056717e-03
1.628088088088088170e+03,2.922652009904296109e-03
1.628188188188188178e+03,2.927570177510834589e-03
1.628288288288288186e+03,2.932574270241097587e-03
1.628388388388388421e+03,2.937664804572451618e-03
1.628488488488488429e+03,2.942842307522046657e-03
1.628588588588588664e+03,2.948107316767471786e-03
1.628688688688688671e+03,2.953460380770034626e-03
1.628788788788788679e+03,2.958902058901355814e-03
1.628888888888888914e+03,2.964432921572519603e-03
1.628988988988988922e+03,2.970053550366470556e-03
1.629089089089089157e+03,2.975764538173452951e-03
1.629189189189189165e+03,2.981566489329367121e-03
1.629289289289289400e+03,2.987460019757722744e-03
1.629389389389389407e+03,2.993445757114364652e-03
1.629489489489489415e+03,2.999524340935804702e-03
1.629589589589589650e+03,3.005696422790855686e-03
1.629689689689689658e+03,3.011962666435509181e-03
1.629789789789789893e+03,3.018323747971597693e-03
1.629889889889889901e+03,3.024780356008797445e-03
1.629989989989989908e+03,3.031333191830298812e-03
1.630090090090090143e+03,3.037982969562270583e-03
1.630190190190190151e+03,3.044730416346896461e-03
1.630290290290290386e+03,3.051576272519526765e-03
1.630390390390390394e+03,3.058521291789430968e-03
1.630490490490490401e+03,3.065566241424885329e-03
1.630590590590590637e+03,3.072711902442072564e-03
1.630690690690690644e+03,3.079959069798183895e-03
1.630790790790790879e+03,3.087308552589009252e-03
1.630890890890890887e+03,3.094761174250480924e-03
1.630990990990990895e+03,3.102317772764966002e-03
1.631091091091091130e+03,3.109979200871933799e-03
1.631191191191191137e+03,3.117746326283140062e-03
1.631291291291291373e+03,3.125620031902797205e-03
1.631391391391391380e+03,3.133601216052218398e-03
1.631491491491491615e+03,3.141690792699648911e-03
1.631591591591591623e+03,3.149889691694925629e-03
1.631691691691691631e+03,3.158198859009311247e-03
1.631791791791791866e+03,3.166619256980711308e-03
1.631891891891891873e+03,3.175151864563902863e-03
1.631991991991992109e+03,3.183797677586608713e-03
1.632092092092092116e+03,3.192557709010854748e-03
1.632192192192192124e+03,3.201432989200147725e-03
1.632292292292292359e+03,3.210424566192627855e-03
1.632392392392392367e+03,3.219533505979847113e-03
1.632492492492492602e+03,3.228760892791996372e-03
1.632592592592592609e+03,3.238107829389083071e-03
1.632692692692692617e+03,3.247575437358666585e-03
1.632792792792792852e+03,3.257164857420094452e-03
1.632892892892892860e+03,3.266877249735215209e-03
1.632992992992993095e+03,3.276713794226228296e-03
1.633093093093093103e+03,3.286675690900144574e-03
1.633193193193193110e+03,3.296764160180691398e-03
1.633293293293293345e+03,3.306980443247343072e-03
1.633393393393393353e+03,3.317325802381892574e-03
1.633493493493493588e+03,3.327801521322620946e-03
1.633593593593593596e+03,3.338408905626314132e-03
1.633693693693693604e+03,3.349149283038233525e-03
1.633793793793793839e+03,3.360024003870513368e-03
1.633893893893893846e+03,3.371034441388481937e-03
1.633993993993994081e+03,3.382181992206167217e-03
1.634094094094094089e+03,3.393468076690053358e-03
1.634194194194194097e+03,3.404894139372163439e-03
1.634294294294294332e+03,3.416461649372408687e-03
1.634394394394394340e+03,3.428172100830005967e-03
1.634494494494494575e+03,3.440027013345113224e-03
1.634594594594594582e+03,3.452027932429783431e-03
1.634694694694694590e+03,3.464176429969771827e-03
1.634794794794794825e+03,3.476474104696030288e-03
1.634894894894894833e+03,3.488922582667291789e-03
1.634994994994995068e+03,3.501523517763707651e-03
1.635095095095095076e+03,3.514278592190972494e-03
1.635195195195195083e+03,3.527189516996986907e-03
1.635295295295295318e+03,3.540258032599347387e-03
1.635395395395395326e+03,3.553485909325331503e-03
1.635495495495495561e+03,3.566874947964377828e-03
1.635595595595595569e+03,3.580426980332642589e-03
1.635695695695695804e+03,3.594143869851425862e-03
1.635795795795795812e+03,3.608027512138139384e-03
1.635895895895895819e+03,3.622079835611503873e-03
1.635995995995996054e+03,3.636302802110399478e-03
1.636096096096096062e+03,3.650698407527170827e-03
1.636196196196196297e+03,3.665268682456077932e-03
1.636296296296296305e+03,3.680015692856205157e-03
1.636396396396396312e+03,3.694941540730647522e-03
1.636496496496496547e+03,3.710048364820999010e-03
1.636596596596596555e+03,3.725338341318583119e-03
1.636696696696696790e+03,3.740813684592433908e-03
1.636796796796796798e+03,3.756476647934308116e-03
1.636896896896896806e+03,3.772329524321832526e-03
1.636996996996997041e+03,3.788374647199247922e-03
1.637097097097097048e+03,3.804614391277091022e-03
1.637197197197197283e+03,3.821051173351327004e-03
1.637297297297297291e+03,3.837687453141534061e-03
1.637397397397397299e+03,3.854525734149879482e-03
1.637497497497497534e+03,3.871568564540459230e-03
1.637597597597597542e+03,3.888818538039827150e-03
1.637697697697697777e+03,3.906278294860301981e-03
1.637797797797797784e+03,3.923950522644526449e-03
1.637897897897898019e+03,3.941837957434101737e-03
1.637997997997998027e+03,3.959943384661593867e-03
1.638098098098098035e+03,3.978269640166804538e-03
1.638198198198198270e+03,3.996819611238761408e-03
1.638298298298298278e+03,4.015596237682592107e-03
1.638398398398398513e+03,4.034602512913789546e-03
1.638498498498498520e+03,4.053841485079217981e-03
1.638598598598598528e+03,4.073316258206221598e-03
1.638698698698698763e+03,4.093029993380842627e-03
1.638798798798798771e+03,4.112985909955300771e-03
1.638898898898899006e+03,4.133187286786366328e-03
1.638998998998999014e+03,4.153637463504700721e-03
1.639099099099099021e+03,4.174339841816757796e-03
1.639199199199199256e+03,4.195297886839977931e-03
1.639299299299299264e+03,4.216515128471566391e-03
1.639399399399399499e+03,4.237995162793396428e-03
1.639499499499499507e+03,4.259741653512096049e-03
1.639599599599599514e+03,4.281758333437053234e-03
1.639699699699699750e+03,4.304049005996605018e-03
1.639799799799799757e+03,4.326617546793485106e-03
1.639899899899899992e+03,4.349467905201266464e-03
1.640000000000000000e+03,4.372604106002447692e-03
